<code_scheme name="Default">
  <option name="RIGHT_MARGIN" value="100" />
  <option name="HTML_SPACE_INSIDE_EMPTY_TAG" value="true" />
  <JSCodeStyleSettings>
    <option name="USE_SEMICOLON_AFTER_STATEMENT" value="false" />
    <option name="FORCE_SEMICOLON_STYLE" value="true" />
    <option name="SPACE_BEFORE_GENERATOR_MULT" value="true" />
    <option name="USE_DOUBLE_QUOTES" value="false" />
    <option name="FORCE_QUOTE_STYlE" value="true" />
    <option name="SPACES_WITHIN_OBJECT_LITERAL_BRACES" value="true" />
    <option name="SPACES_WITHIN_IMPORTS" value="true" />
  </JSCodeStyleSettings>
  <codeStyleSettings language="HTML">
    <indentOptions>
      <option name="INDENT_SIZE" value="2" />
      <option name="CONTINUATION_INDENT_SIZE" value="2" />
      <option name="TAB_SIZE" value="2" />
    </indentOptions>
  </codeStyleSettings>
  <codeStyleSettings language="JavaScript">
    <option name="KEEP_BLANK_LINES_IN_CODE" value="1" />
    <option name="SPACE_BEFORE_METHOD_PARENTHESES" value="true" />
    <option name="TERNARY_OPERATION_SIGNS_ON_NEXT_LINE" value="true" />
    <option name="KEEP_SIMPLE_BLOCKS_IN_ONE_LINE" value="true" />
    <option name="KEEP_SIMPLE_METHODS_IN_ONE_LINE" value="true" />
    <indentOptions>
      <option name="INDENT_SIZE" value="2" />
      <option name="CONTINUATION_INDENT_SIZE" value="2" />
      <option name="TAB_SIZE" value="2" />
    </indentOptions>
  </codeStyleSettings>
  <codeStyleSettings language="ruby">
    <option name="ALIGN_MULTILINE_PARAMETERS" value="false" />
    <option name="INDENT_WHEN_CASES" value="false" />
    <option name="SPACE_WITHIN_BRACES" value="true" />
    <option name="SPACE_WITHIN_ARRAY_INITIALIZER_BRACES" value="true" />
    <indentOptions>
      <option name="CONTINUATION_INDENT_SIZE" value="2" />
      <option name="USE_RELATIVE_INDENTS" value="false" />
    </indentOptions>
  </codeStyleSettings>
</code_scheme>