<keymap version="1" name="Mac OS X 10.5+ copy" parent="Mac OS X 10.5+">
  <action id="ActivateTerminalToolWindow">
    <keyboard-shortcut first-keystroke="alt f12" />
    <keyboard-shortcut first-keystroke="meta 8" />
  </action>
  <action id="Annotate">
    <keyboard-shortcut first-keystroke="ctrl a" />
  </action>
  <action id="ChangesView.Move" />
  <action id="CloseAllEditorsButActive">
    <keyboard-shortcut first-keystroke="shift meta w" />
  </action>
  <action id="CollapseBlock" />
  <action id="EditorLineStart">
    <keyboard-shortcut first-keystroke="home" />
    <keyboard-shortcut first-keystroke="meta left" />
  </action>
  <action id="InsertRubyInjection" />
  <action id="MoveEditorToOppositeTabGroup">
    <keyboard-shortcut first-keystroke="shift meta m" />
  </action>
  <action id="MoveTabRight">
    <keyboard-shortcut first-keystroke="shift meta period" />
  </action>
  <action id="SelectInProjectView">
    <keyboard-shortcut first-keystroke="meta i" />
  </action>
  <action id="Vcs.MoveChangedLinesToChangelist" />
</keymap>