<application>
  <component name="ProjectJdkTable">
    <jdk version="2">
      <name value="ruby-2.0.0-p648" />
      <type value="RUBY_SDK" />
      <version value="ver.2.0.0p0" />
      <homePath value="/usr/bin/ruby" />
      <roots>
        <classPath>
          <root type="composite">
            <root url="file:///Library/Ruby/Site" type="simple" />
            <root url="file://$APPLICATION_HOME_DIR$/rubystubs20" type="simple" />
          </root>
        </classPath>
        <sourcePath>
          <root type="composite">
            <root url="file:///Library/Ruby/Site" type="simple" />
            <root url="file://$APPLICATION_HOME_DIR$/rubystubs20" type="simple" />
          </root>
        </sourcePath>
      </roots>
      <additional NORMALIZED_VERSION_STRING="ver.2.0.0p0" GEMS_BIN_DIR_PATH="/usr/bin">
        <VERSION_MANAGER ID="system" />
      </additional>
    </jdk>
    <jdk version="2">
      <name value="ruby-2.4.1-p111" />
      <type value="RUBY_SDK" />
      <version value="ver.2.4.1p0" />
      <homePath value="$USER_HOME$/.rubies/ruby-2.4.1/bin/ruby" />
      <roots>
        <classPath>
          <root type="composite">
            <root url="file://$APPLICATION_HOME_DIR$/rubystubs24" type="simple" />
            <root url="file://$USER_HOME$/.rubies/ruby-2.4.1/lib/ruby/gems/2.4.0/gems/did_you_mean-1.1.0/lib" type="simple" />
            <root url="file://$USER_HOME$/.rubies/ruby-2.4.1/lib/ruby/site_ruby/2.4.0" type="simple" />
            <root url="file://$USER_HOME$/.rubies/ruby-2.4.1/lib/ruby/site_ruby/2.4.0/x86_64-darwin16" type="simple" />
            <root url="file://$USER_HOME$/.rubies/ruby-2.4.1/lib/ruby/site_ruby" type="simple" />
            <root url="file://$USER_HOME$/.rubies/ruby-2.4.1/lib/ruby/vendor_ruby/2.4.0" type="simple" />
            <root url="file://$USER_HOME$/.rubies/ruby-2.4.1/lib/ruby/vendor_ruby/2.4.0/x86_64-darwin16" type="simple" />
            <root url="file://$USER_HOME$/.rubies/ruby-2.4.1/lib/ruby/vendor_ruby" type="simple" />
            <root url="file://$USER_HOME$/.rubies/ruby-2.4.1/lib/ruby/2.4.0" type="simple" />
            <root url="file://$USER_HOME$/.rubies/ruby-2.4.1/lib/ruby/2.4.0/x86_64-darwin16" type="simple" />
          </root>
        </classPath>
        <sourcePath>
          <root type="composite">
            <root url="file://$USER_HOME$/.rubies/ruby-2.4.1/lib/ruby/gems/2.4.0/gems/did_you_mean-1.1.0/lib" type="simple" />
            <root url="file://$USER_HOME$/.rubies/ruby-2.4.1/lib/ruby/site_ruby/2.4.0" type="simple" />
            <root url="file://$USER_HOME$/.rubies/ruby-2.4.1/lib/ruby/site_ruby/2.4.0/x86_64-darwin16" type="simple" />
            <root url="file://$USER_HOME$/.rubies/ruby-2.4.1/lib/ruby/site_ruby" type="simple" />
            <root url="file://$USER_HOME$/.rubies/ruby-2.4.1/lib/ruby/vendor_ruby/2.4.0" type="simple" />
            <root url="file://$USER_HOME$/.rubies/ruby-2.4.1/lib/ruby/vendor_ruby/2.4.0/x86_64-darwin16" type="simple" />
            <root url="file://$USER_HOME$/.rubies/ruby-2.4.1/lib/ruby/vendor_ruby" type="simple" />
            <root url="file://$USER_HOME$/.rubies/ruby-2.4.1/lib/ruby/2.4.0" type="simple" />
            <root url="file://$USER_HOME$/.rubies/ruby-2.4.1/lib/ruby/2.4.0/x86_64-darwin16" type="simple" />
            <root url="file://$APPLICATION_HOME_DIR$/rubystubs24" type="simple" />
          </root>
        </sourcePath>
      </roots>
      <additional NORMALIZED_VERSION_STRING="ver.2.4.1p0" GEMS_BIN_DIR_PATH="$USER_HOME$/.rubies/ruby-2.4.1/bin">
        <VERSION_MANAGER ID="system" />
      </additional>
    </jdk>
    <jdk version="2">
      <name value="ruby-2.1.2-p95" />
      <type value="RUBY_SDK" />
      <version value="ver.2.1.2p0" />
      <homePath value="$USER_HOME$/.rubies/ruby-2.1.2/bin/ruby" />
      <roots>
        <classPath>
          <root type="composite">
            <root url="file://$APPLICATION_HOME_DIR$/rubystubs21" type="simple" />
            <root url="file://$USER_HOME$/.rubies/ruby-2.1.2/lib/ruby/site_ruby/2.1.0" type="simple" />
            <root url="file://$USER_HOME$/.rubies/ruby-2.1.2/lib/ruby/site_ruby/2.1.0/x86_64-darwin16.0" type="simple" />
            <root url="file://$USER_HOME$/.rubies/ruby-2.1.2/lib/ruby/site_ruby" type="simple" />
            <root url="file://$USER_HOME$/.rubies/ruby-2.1.2/lib/ruby/vendor_ruby/2.1.0" type="simple" />
            <root url="file://$USER_HOME$/.rubies/ruby-2.1.2/lib/ruby/vendor_ruby/2.1.0/x86_64-darwin16.0" type="simple" />
            <root url="file://$USER_HOME$/.rubies/ruby-2.1.2/lib/ruby/vendor_ruby" type="simple" />
            <root url="file://$USER_HOME$/.rubies/ruby-2.1.2/lib/ruby/2.1.0" type="simple" />
            <root url="file://$USER_HOME$/.rubies/ruby-2.1.2/lib/ruby/2.1.0/x86_64-darwin16.0" type="simple" />
          </root>
        </classPath>
        <sourcePath>
          <root type="composite">
            <root url="file://$USER_HOME$/.rubies/ruby-2.1.2/lib/ruby/site_ruby/2.1.0" type="simple" />
            <root url="file://$USER_HOME$/.rubies/ruby-2.1.2/lib/ruby/site_ruby/2.1.0/x86_64-darwin16.0" type="simple" />
            <root url="file://$USER_HOME$/.rubies/ruby-2.1.2/lib/ruby/site_ruby" type="simple" />
            <root url="file://$USER_HOME$/.rubies/ruby-2.1.2/lib/ruby/vendor_ruby/2.1.0" type="simple" />
            <root url="file://$USER_HOME$/.rubies/ruby-2.1.2/lib/ruby/vendor_ruby/2.1.0/x86_64-darwin16.0" type="simple" />
            <root url="file://$USER_HOME$/.rubies/ruby-2.1.2/lib/ruby/vendor_ruby" type="simple" />
            <root url="file://$USER_HOME$/.rubies/ruby-2.1.2/lib/ruby/2.1.0" type="simple" />
            <root url="file://$USER_HOME$/.rubies/ruby-2.1.2/lib/ruby/2.1.0/x86_64-darwin16.0" type="simple" />
            <root url="file://$APPLICATION_HOME_DIR$/rubystubs21" type="simple" />
          </root>
        </sourcePath>
      </roots>
      <additional NORMALIZED_VERSION_STRING="ver.2.1.2p0" GEMS_BIN_DIR_PATH="$USER_HOME$/.rubies/ruby-2.1.2/bin">
        <VERSION_MANAGER ID="system" />
      </additional>
    </jdk>
    <jdk version="2">
      <name value="chruby: ruby-2.1.2" />
      <type value="RUBY_SDK" />
      <version value="ver.2.1.2p95 ( revision 45877) p95" />
      <homePath value="$USER_HOME$/.rubies/ruby-2.1.2/bin/ruby" />
      <roots>
        <classPath>
          <root type="composite">
            <root url="file://$USER_HOME$/.rubies/ruby-2.1.2/lib/ruby/site_ruby/2.1.0" type="simple" />
            <root url="file://$USER_HOME$/.rubies/ruby-2.1.2/lib/ruby/site_ruby/2.1.0/x86_64-darwin18.0" type="simple" />
            <root url="file://$USER_HOME$/.rubies/ruby-2.1.2/lib/ruby/site_ruby" type="simple" />
            <root url="file://$USER_HOME$/.rubies/ruby-2.1.2/lib/ruby/vendor_ruby/2.1.0" type="simple" />
            <root url="file://$USER_HOME$/.rubies/ruby-2.1.2/lib/ruby/vendor_ruby/2.1.0/x86_64-darwin18.0" type="simple" />
            <root url="file://$USER_HOME$/.rubies/ruby-2.1.2/lib/ruby/vendor_ruby" type="simple" />
            <root url="file://$USER_HOME$/.rubies/ruby-2.1.2/lib/ruby/2.1.0" type="simple" />
            <root url="file://$USER_HOME$/.rubies/ruby-2.1.2/lib/ruby/2.1.0/x86_64-darwin18.0" type="simple" />
            <root url="file://$APPLICATION_HOME_DIR$/rubystubs21" type="simple" />
          </root>
        </classPath>
        <sourcePath>
          <root type="composite">
            <root url="file://$USER_HOME$/.rubies/ruby-2.1.2/lib/ruby/site_ruby/2.1.0" type="simple" />
            <root url="file://$USER_HOME$/.rubies/ruby-2.1.2/lib/ruby/site_ruby/2.1.0/x86_64-darwin18.0" type="simple" />
            <root url="file://$USER_HOME$/.rubies/ruby-2.1.2/lib/ruby/site_ruby" type="simple" />
            <root url="file://$USER_HOME$/.rubies/ruby-2.1.2/lib/ruby/vendor_ruby/2.1.0" type="simple" />
            <root url="file://$USER_HOME$/.rubies/ruby-2.1.2/lib/ruby/vendor_ruby/2.1.0/x86_64-darwin18.0" type="simple" />
            <root url="file://$USER_HOME$/.rubies/ruby-2.1.2/lib/ruby/vendor_ruby" type="simple" />
            <root url="file://$USER_HOME$/.rubies/ruby-2.1.2/lib/ruby/2.1.0" type="simple" />
            <root url="file://$USER_HOME$/.rubies/ruby-2.1.2/lib/ruby/2.1.0/x86_64-darwin18.0" type="simple" />
            <root url="file://$APPLICATION_HOME_DIR$/rubystubs21" type="simple" />
          </root>
        </sourcePath>
      </roots>
      <additional NORMALIZED_VERSION_STRING="ver.2.1.2p95 ( revision 45877) p95" GEMS_BIN_DIR_PATH="$USER_HOME$/.gem/ruby/2.1.2/bin">
        <VERSION_MANAGER ID="chruby">
          <distribution-id>ruby-2.1.2</distribution-id>
          <version-manager-path>/usr/local/share/chruby/chruby.sh</version-manager-path>
        </VERSION_MANAGER>
      </additional>
    </jdk>
    <jdk version="2">
      <name value="chruby: ruby-2.4.1" />
      <type value="RUBY_SDK" />
      <version value="ver.2.4.1p111 ( revision 58053) p111" />
      <homePath value="$USER_HOME$/.rubies/ruby-2.4.1/bin/ruby" />
      <roots>
        <classPath>
          <root type="composite">
            <root url="file://$USER_HOME$/.rubies/ruby-2.4.1/lib/ruby/gems/2.4.0/gems/did_you_mean-1.1.0/lib" type="simple" />
            <root url="file://$USER_HOME$/.rubies/ruby-2.4.1/lib/ruby/site_ruby/2.4.0" type="simple" />
            <root url="file://$USER_HOME$/.rubies/ruby-2.4.1/lib/ruby/site_ruby/2.4.0/x86_64-darwin18" type="simple" />
            <root url="file://$USER_HOME$/.rubies/ruby-2.4.1/lib/ruby/site_ruby" type="simple" />
            <root url="file://$USER_HOME$/.rubies/ruby-2.4.1/lib/ruby/vendor_ruby/2.4.0" type="simple" />
            <root url="file://$USER_HOME$/.rubies/ruby-2.4.1/lib/ruby/vendor_ruby/2.4.0/x86_64-darwin18" type="simple" />
            <root url="file://$USER_HOME$/.rubies/ruby-2.4.1/lib/ruby/vendor_ruby" type="simple" />
            <root url="file://$USER_HOME$/.rubies/ruby-2.4.1/lib/ruby/2.4.0" type="simple" />
            <root url="file://$USER_HOME$/.rubies/ruby-2.4.1/lib/ruby/2.4.0/x86_64-darwin18" type="simple" />
            <root url="file://$APPLICATION_HOME_DIR$/rubystubs24" type="simple" />
          </root>
        </classPath>
        <sourcePath>
          <root type="composite">
            <root url="file://$USER_HOME$/.rubies/ruby-2.4.1/lib/ruby/gems/2.4.0/gems/did_you_mean-1.1.0/lib" type="simple" />
            <root url="file://$USER_HOME$/.rubies/ruby-2.4.1/lib/ruby/site_ruby/2.4.0" type="simple" />
            <root url="file://$USER_HOME$/.rubies/ruby-2.4.1/lib/ruby/site_ruby/2.4.0/x86_64-darwin18" type="simple" />
            <root url="file://$USER_HOME$/.rubies/ruby-2.4.1/lib/ruby/site_ruby" type="simple" />
            <root url="file://$USER_HOME$/.rubies/ruby-2.4.1/lib/ruby/vendor_ruby/2.4.0" type="simple" />
            <root url="file://$USER_HOME$/.rubies/ruby-2.4.1/lib/ruby/vendor_ruby/2.4.0/x86_64-darwin18" type="simple" />
            <root url="file://$USER_HOME$/.rubies/ruby-2.4.1/lib/ruby/vendor_ruby" type="simple" />
            <root url="file://$USER_HOME$/.rubies/ruby-2.4.1/lib/ruby/2.4.0" type="simple" />
            <root url="file://$USER_HOME$/.rubies/ruby-2.4.1/lib/ruby/2.4.0/x86_64-darwin18" type="simple" />
            <root url="file://$APPLICATION_HOME_DIR$/rubystubs24" type="simple" />
          </root>
        </sourcePath>
      </roots>
      <additional NORMALIZED_VERSION_STRING="ver.2.4.1p111 ( revision 58053) p111" GEMS_BIN_DIR_PATH="$USER_HOME$/.gem/ruby/2.4.1/bin">
        <VERSION_MANAGER ID="chruby">
          <distribution-id>ruby-2.4.1</distribution-id>
          <version-manager-path>/usr/local/share/chruby/chruby.sh</version-manager-path>
        </VERSION_MANAGER>
      </additional>
    </jdk>
    <jdk version="2">
      <name value="chruby: ruby-2.6.2" />
      <type value="RUBY_SDK" />
      <version value="ver.2.6.2p47 ( revision 67232) p47" />
      <homePath value="$USER_HOME$/.rubies/ruby-2.6.2/bin/ruby" />
      <roots>
        <classPath>
          <root type="composite">
            <root url="file://$USER_HOME$/.rubies/ruby-2.6.2/lib/ruby/gems/2.6.0/gems/did_you_mean-1.3.0/lib" type="simple" />
            <root url="file://$USER_HOME$/.rubies/ruby-2.6.2/lib/ruby/site_ruby/2.6.0" type="simple" />
            <root url="file://$USER_HOME$/.rubies/ruby-2.6.2/lib/ruby/site_ruby/2.6.0/x86_64-darwin18" type="simple" />
            <root url="file://$USER_HOME$/.rubies/ruby-2.6.2/lib/ruby/site_ruby" type="simple" />
            <root url="file://$USER_HOME$/.rubies/ruby-2.6.2/lib/ruby/vendor_ruby/2.6.0" type="simple" />
            <root url="file://$USER_HOME$/.rubies/ruby-2.6.2/lib/ruby/vendor_ruby/2.6.0/x86_64-darwin18" type="simple" />
            <root url="file://$USER_HOME$/.rubies/ruby-2.6.2/lib/ruby/vendor_ruby" type="simple" />
            <root url="file://$USER_HOME$/.rubies/ruby-2.6.2/lib/ruby/2.6.0" type="simple" />
            <root url="file://$USER_HOME$/.rubies/ruby-2.6.2/lib/ruby/2.6.0/x86_64-darwin18" type="simple" />
            <root url="file://$APPLICATION_HOME_DIR$/rubystubs26" type="simple" />
          </root>
        </classPath>
        <sourcePath>
          <root type="composite">
            <root url="file://$USER_HOME$/.rubies/ruby-2.6.2/lib/ruby/gems/2.6.0/gems/did_you_mean-1.3.0/lib" type="simple" />
            <root url="file://$USER_HOME$/.rubies/ruby-2.6.2/lib/ruby/site_ruby/2.6.0" type="simple" />
            <root url="file://$USER_HOME$/.rubies/ruby-2.6.2/lib/ruby/site_ruby/2.6.0/x86_64-darwin18" type="simple" />
            <root url="file://$USER_HOME$/.rubies/ruby-2.6.2/lib/ruby/site_ruby" type="simple" />
            <root url="file://$USER_HOME$/.rubies/ruby-2.6.2/lib/ruby/vendor_ruby/2.6.0" type="simple" />
            <root url="file://$USER_HOME$/.rubies/ruby-2.6.2/lib/ruby/vendor_ruby/2.6.0/x86_64-darwin18" type="simple" />
            <root url="file://$USER_HOME$/.rubies/ruby-2.6.2/lib/ruby/vendor_ruby" type="simple" />
            <root url="file://$USER_HOME$/.rubies/ruby-2.6.2/lib/ruby/2.6.0" type="simple" />
            <root url="file://$USER_HOME$/.rubies/ruby-2.6.2/lib/ruby/2.6.0/x86_64-darwin18" type="simple" />
            <root url="file://$APPLICATION_HOME_DIR$/rubystubs26" type="simple" />
          </root>
        </sourcePath>
      </roots>
      <additional NORMALIZED_VERSION_STRING="ver.2.6.2p47 ( revision 67232) p47" GEMS_BIN_DIR_PATH="$USER_HOME$/.gem/ruby/2.6.2/bin">
        <VERSION_MANAGER ID="chruby">
          <distribution-id>ruby-2.6.2</distribution-id>
          <version-manager-path>/usr/local/share/chruby/chruby.sh</version-manager-path>
        </VERSION_MANAGER>
      </additional>
    </jdk>
  </component>
</application>